{
  "10.1080_00045600903378960": -1,
  "10.1080_00045600903550295": -1,
  "10.1080_00045608.2010.532741": -1,
  "10.1080_00045608.2011.567936": 3,
  "10.1080_00045608.2011.569659": -1,
  "10.1080_00045608.2011.584289": -1,
  "10.1080_00045608.2011.596392": 5,
  "10.1080_00045608.2011.620501": -1,
  "10.1080_00045608.2011.641861": 1,
  "10.1080_00045608.2011.641897": 4,
  "10.1080_00045608.2011.652871": 0,
  "10.1080_00045608.2011.653732": -1,
  "10.1080_00045608.2012.671127": -1,
  "10.1080_00045608.2012.671129": -1,
  "10.1080_00045608.2012.671133": 5,
  "10.1080_00045608.2012.678040": 2,
  "10.1080_00045608.2012.707591": 3,
  "10.1080_00045608.2012.720228": 0,
  "10.1080_00045608.2012.720234": 0,
  "10.1080_00045608.2013.756257": -1,
  "10.1080_00045608.2013.779549": -1,
  "10.1080_00045608.2014.892338": 3,
  "10.1080_00045608.2014.944453": 5,
  "10.1080_00045608.2014.985626": 0,
  "10.1080_00045608.2015.1060921": 2,
  "10.1080_00045608.2015.1113110": 1,
  "10.1080_00167428.2020.1779592": 5,
  "10.1080_00167428.2020.1786384": -1,
  "10.1080_00167428.2020.1852406": 4,
  "10.1080_00167428.2020.1855583": 2,
  "10.1080_00167428.2020.1865816": -1,
  "10.1080_00167428.2020.1871298": -1,
  "10.1080_00167428.2021.1890996": -1,
  "10.1080_00167428.2021.1897812": 4,
  "10.1080_00167428.2021.1906669": 1,
  "10.1080_00167428.2021.1925897": -1,
  "10.1080_00330120903543756": 3,
  "10.1080_00330120903546312": 4,
  "10.1080_00330124.2010.483628": 4,
  "10.1080_00330124.2012.658713": -1,
  "10.1080_00330124.2012.681517": 3,
  "10.1080_00330124.2012.681584": 3,
  "10.1080_00330124.2012.700501": 3,
  "10.1080_00330124.2012.725373": 1,
  "10.1080_00330124.2014.886922": 3,
  "10.1080_00330124.2014.905158": 1,
  "10.1080_00330124.2014.935165": -1,
  "10.1080_00330124.2015.1028324": -1,
  "10.1080_00330124.2015.1062700": 4,
  "10.1080_00330124.2015.1065545": 1,
  "10.1080_00330124.2016.1157499": 0,
  "10.1080_00330124.2016.1198264": 4,
  "10.1080_00330124.2017.1365308": 1,
  "10.1080_00330124.2017.1365309": -1,
  "10.1080_00330124.2018.1443479": -1,
  "10.1080_00330124.2018.1453184": -1,
  "10.1080_00330124.2018.1455524": 1,
  "10.1080_00330124.2018.1501707": 1,
  "10.1080_00330124.2018.1559653": 2,
  "10.1080_00330124.2019.1709214": 1,
  "10.1080_00330124.2020.1730196": -1,
  "10.1080_00330124.2020.1734034": -1,
  "10.1080_00330124.2020.1744168": 2,
  "10.1080_00330124.2021.1880943": 1,
  "10.1080_24694452.2015.1124017": 1,
  "10.1080_24694452.2016.1159502": 1,
  "10.1080_24694452.2016.1194740": 1,
  "10.1080_24694452.2016.1197767": 1,
  "10.1080_24694452.2016.1213155": 4,
  "10.1080_24694452.2016.1232616": 0,
  "10.1080_24694452.2016.1249726": 4,
  "10.1080_24694452.2016.1261684": 0,
  "10.1080_24694452.2016.1270192": 5,
  "10.1080_24694452.2017.1328305": 4,
  "10.1080_24694452.2017.1374163": 2,
  "10.1080_24694452.2017.1403879": 5,
  "10.1080_24694452.2017.1406328": 1,
  "10.1080_24694452.2017.1406330": 0,
  "10.1080_24694452.2017.1417820": 5,
  "10.1080_24694452.2017.1420463": 4,
  "10.1080_24694452.2018.1457428": -1,
  "10.1080_24694452.2018.1484685": 4,
  "10.1080_24694452.2018.1489214": 1,
  "10.1080_24694452.2018.1490167": 0,
  "10.1080_24694452.2018.1506695": 5,
  "10.1080_24694452.2018.1525272": 4,
  "10.1080_24694452.2018.1540920": 3,
  "10.1080_24694452.2018.1549972": 3,
  "10.1080_24694452.2019.1574551": 1,
  "10.1080_24694452.2019.1587285": 2,
  "10.1080_24694452.2019.1638750": 5,
  "10.1080_24694452.2019.1638753": 1,
  "10.1080_24694452.2019.1694402": 1,
  "10.1080_24694452.2020.1723396": 1,
  "10.1080_24694452.2020.1723397": 5,
  "10.1080_24694452.2020.1723398": 1,
  "10.1080_24694452.2020.1723399": -1,
  "10.1080_24694452.2020.1727307": 1,
  "10.1080_24694452.2020.1735988": 0,
  "10.1080_24694452.2020.1747971": 0,
  "10.1080_24694452.2020.1747972": 1,
  "10.1080_24694452.2020.1768822": 1,
  "10.1080_24694452.2020.1774351": 5,
  "10.1080_24694452.2020.1806027": -1,
  "10.1080_24694452.2020.1863766": -1,
  "10.1080_24694452.2021.1894086": 1,
  "10.1080_24694452.2021.1907172": 1,
  "10.1080_24694452.2022.2067519": 0,
  "10.1111_0004-5608.00184": -1,
  "10.1111_0004-5608.00218": 3,
  "10.1111_0004-5608.00254": -1,
  "10.1111_0033-0124.00131": -1,
  "10.1111_0033-0124.00208": 2,
  "10.1111_0033-0124.00219": -1,
  "10.1111_0033-0124.00238": 2,
  "10.1111_0033-0124.00269": 2,
  "10.1111_0033-0124.00273": -1,
  "10.1111_0033-0124.00299": 2,
  "10.1111_0033-0124.00304": 3,
  "10.1111_0033-0124.00323": 2,
  "10.1111_0033-0124.00336": 2,
  "10.1111_0033-0124.00349": 2,
  "10.1111_1467-8306.00288": 3,
  "10.1111_1467-8306.93110": 4,
  "10.1111_gere.12007": 4,
  "10.1111_gere.12226": 1,
  "10.1111_gere.12244": -1,
  "10.1111_gere.12245": -1,
  "10.1111_gere.12247": 1,
  "10.1111_gere.12264": 1,
  "10.1111_gere.12287": 0,
  "10.1111_gere.12321": -1,
  "10.1111_gere.12366": -1,
  "10.1111_gere.12367": 5,
  "10.1111_j.0033-0124.1990.00471.x": 3,
  "10.1111_j.0033-0124.1993.00012.x": 2,
  "10.1111_j.0033-0124.1994.00178.x": 2,
  "10.1111_j.0033-0124.1994.00199.x": 1,
  "10.1111_j.0033-0124.1995.00148.x": -1,
  "10.1111_j.0033-0124.1995.00159.x": 3,
  "10.1111_j.0033-0124.1995.00411.x": 5,
  "10.1111_j.0033-0124.1996.00070.x": 3,
  "10.1111_j.0033-0124.1996.00284.x": -1,
  "10.1111_j.0033-0124.1996.00321.x": -1,
  "10.1111_j.1467-8306.1989.tb00273.x": 4,
  "10.1111_j.1467-8306.1992.tb01967.x": 4,
  "10.1111_j.1467-8306.1992.tb01969.x": 4,
  "10.1111_j.1467-8306.1992.tb01974.x": 4,
  "10.1111_j.1467-8306.1993.tb01924.x": 4,
  "10.1111_j.1467-8306.1994.tb01727.x": 3,
  "10.1111_j.1467-8306.1995.tb01793.x": 3,
  "10.1111_j.1467-8306.1995.tb01808.x": 2,
  "10.1111_j.1467-8306.1996.tb01761.x": 4,
  "10.1111_j.1467-8306.2004.00418.x": 4,
  "10.1111_j.1467-8306.2005.00450.x": -1,
  "10.1111_j.1467-8306.2005.00466.x": 4,
  "10.1111_j.1931-0846.2003.tb00035.x": 2,
  "10.1111_j.1931-0846.2003.tb00036.x": 0,
  "10.1111_j.1931-0846.2004.tb00178.x": -1,
  "10.1111_j.1931-0846.2004.tb00182.x": 3,
  "10.1111_j.1931-0846.2010.00019.x": -1,
  "10.1111_j.1931-0846.2010.00041.x": -1,
  "10.1111_j.1931-0846.2014.12027.x": -1,
  "10.1111_j.1931-0846.2014.12037.x": 0,
  "10.1111_j.1931-0846.2014.12044.x": -1,
  "10.1111_j.1931-0846.2015.12078.x": 2,
  "10.1111_j.1931-0846.2016.12161.x": 0,
  "10.1111_j.1931-0846.2016.12182.x": 5,
  "10.1111_j.1931-0846.2016.12200.x": -1,
  "10.1111_j.1931-0846.2016.12206.x": 2,
  "10.2307_215196": 2,
  "10.2307_215199": -1,
  "10.2307_215251": 2,
  "10.2307_215274": 5,
  "10.2307_215379": -1,
  "10.2307_215825": 2,
  "10.2307_216014": 0,
  "10.2307_216061": 2,
  "10.2307_216062": 2,
  "10.2307_216117": 4,
  "10.2307_216155": 4,
  "10.2307_3250782": 2,
  "10.2307_3250784": 1,
  "10.2307_3250830": 5,
  "10.2307_3250862": 2,
  "10.2307_3594738": 3,
  "10.2307_3594740": 3,
  "10.2307_4140919": -1,
  "10.2307_4140932": -1
}